sentiment,description,id
positive,"Meet Ruff, Ruff is a smaller breed - probably around 10 lbs at  6-7  months old and a complete mix...",48555420
positive,"______ DOB/AGE: 07/10/2019 WEIGHT (GROWN):  55-60 lbs   I am currently in foster care, but very much adoptable.  You will need...",48549950
negative,"Okay people, prepare yourself for this face. Meet big Red! Red is a French mastiff, whose heart is as big...",48550360
positive,Louie is 15 months old and 42 lbs. He is a German Shepherd/Black Mouth Curr mix. He is friendly and...,48550730
positive,"My name is Kenny. I&#039;m a 1 yr old, male border collie mix. I am a very sweet boy. I...",48552648
positive,What’s better than one laid back sweet cuddle bug? How about TWO laid back sweet cuddle bugs??   Rusty and Stormy...,48549792
negative,None,48551137
positive,Meet Christian!!  Christian was found by a police officer living under an abandoned car In a yard for two years....,48549854
positive,"Meet Jasper...an adorable little 1 year old Chiweenie, weighing 8 pounds. He came to us from a rural area in...",48551072
negative,Calling all sandlot fans!Meet Wendy Dawn Peffercorn! She was the momma to the beautiful &amp;#34;Sandlot&amp;#34; litter. Her 6 babies have...,48550819
positive,he is a very sweet girl but is shy when meeting new people and being in new situations. When she...,48553223
negative,"Greetings, my name is Chase and I am about 2 years old. I am a happy friendly boy who likes...",48555123
negative,Maggie had been dumped because she had no prey drive and therefore did not make a good hunting dog.  After...,48554732
positive,"Meet Spotiana! She is a sweet 1 year old terrier mix pup at about 38 pounds, who just wants a...",48554677
positive,"Hello, my name is Daisy Mea. I am a 1 yr old female American bulldog current on vaccinations -rabies, distemper/parvo,...",48555066
positive,Rufus is not with Hartman&#039;s Haven. We are trying to help his current owner find him a new home.   He&#039;s...,48552609
positive,"This sweet gal is a volunteer favorite.  Good natured and easy on a leash, she is sure to make someone...",48549696
positive,Case #16006. Flounder is a 1 year old Terrier Mix that was found at large and brought to the shelter...,48550008
positive,"Brought in to the shelter due to her owners health concerns, Paris is a Very excited but shy girl, who...",48551249
positive,~~Came in to the shelter because his owner did not have enough time to care for him ~~Friendly with school...,48552936
positive,"Ronin is a striking 2 year old German Shepherd and Australian Shepherd mix. At 54 lbs, he’s an athletic dog...",48555158
positive,You can fill out an adoption application online on our official website.,48555271
negative,None,48554876
positive,Lille - o/s,48552625
negative,None,48550248
positive,Good With Dogs: Yes Good With Cats: unknown Good With Kids: Yes Kennel Trained: Yes Age: Approx.  8 months Adoption...,48552760
positive,4 Precious Paws Rescue holds pet adoptions every Saturday at the Carmel PetSmart Store from 12:00pm until 3:00pm. located at...,48554437
positive,"Hi! My name is  Sunny  , I was rescued from an outside pen with 20+ other dogs and little to...",48550927
positive,"Mia is a beautiful 2 year old, 50 pound husky mix... Very sweet and super active! Loves the car, dog...",48549655
positive,You can fill out an adoption application online on our official website.,48555119
negative,"All of our dogs are spayed or neutered, given a rabies vaccine (if old enough), distemper/parvo/bordetella vaccines, heartworm tested (if...",48550931
positive,Piglet is 5 years old. Due to her breed she is required to find a home outside of Prince Georges...,48549881
negative,5 year old female $160,48551048
positive,"Madness is a retriever mix, approx. 5mo old and 30lb. He will be ready to travel to New England in...",48553425
positive,4 Precious Paws Rescue holds pet adoptions every Saturday at the Carmel PetSmart Store from 12:00pm until 3:00pm. located at...,48553649
negative,"Arlo is approx. 6mo old and a bully breed mix, around 30lb. He will be ready to travel to New...",48553219
positive,"DORA  Female SHEP MIX BRINDLE 13 2DHPP KC 2/15/2020 NO PUPPY  Hi Cathleen, She is doing great and really starting...",48549614
negative,"Bernie came to us very unsure about how to relate to humans. We have worked extensively with him, helping him...",48555322
negative,Hi! I am a Gentle giant that was found running around a parking lot in Kansas.  I am playful and...,48550570
negative,DOG BIOGRAPHY: Say hello to Gus the Great! He&#039;s a two-year-old schnauzer who weighs fifteen pounds. Gus was surrendered to...,48554860
positive,"Meet Buddy! He is around 3 months old, 17 pounds, found as a stray.   Buddy loves playing with the other...",48553281
positive,"Nizhoni (Beautiful in Navajo) is a rambunctious, active, very very social and loving little girl. Nizhoni has not met an...",48549726
negative,Moose is living in a foster home. Submit an application from our website and then make an appointment to meet...,48550012
positive,Olive came to us from Mexico with her siblings. We do not know what her breed mix is! She will...,48555210
positive,YOU MUST HAVE AN APPROVED APPLICATION IN ORDER TO MEET OUR PETS  Buddy is a 6 year old setter/retriever mix...,48553844
positive,"You can fill out an adoption application online on our official website. We love rock and roll, put another dime...",48552613
positive,"Rainier was found in Rowesville, SC, very malnourished, had mange, and needed medical attention as soon as possible. When we...",48552994
negative,5 year old female $160,48551204
positive,"**In the interest in placing Roscoe in a home where he will succeed, at this time we will only consider...",48553540
positive,"Say hello to Penelope ! Penelope is being fostered with her brother, Prairie. These cute great pyr mix puppies are...",48555494
positive,"Laurel came from a rescuer in Alabama who needed our help. She is about 5 months old, lab mix, up...",48550679
positive,"Buddy is a 2 year old, blonde and white, short haired, Chihuahua, Beagle mix male and he weeghs approx. 15...",48553405
positive,Stout is a 3 month old puppy who currently weighs 30 lbs.,48555314
negative,Buddy is a water-loving lab mix who&#039;s ready for a calm family environment.  He enjoys being with his person and...,48549788
positive,Name:  Rudy  4934 Age: ~4 to 5 years Color:  Red Coat:  Smooth Sex:  Male/Neutered Size:  Tweenie – 16 lbs.  Rudy...,48552594
positive,This handsome man is looking for his owners or a new forever home if they don&#039;t find him here. He...,48554440
negative,Handsome Jackson is looking for a retirement home to soend the rest of his years in. Jackson&#039;s previous home loved...,48550680
positive,"Banksy came to Home Fur Good via H.A.R.T.T, the Humane Animal Rescue and Trapping Team.  They are a volunteer-based organization...",48555197
positive,"At 9 years old, Sasha is an adorable well-mannered princess. She knows the ropes and is ready to go -...",48555206
negative,None,48550792
positive,"Reagan is a sweet little hound who is big on cuddle time. She&#039;s a little anxious and prefers calm, gentle...",48553014
positive,"Please send Anna a text at 407.952.1037 to schedule and appointment to meet this furbaby.   This puppy comes Spayed/Neutered, current...",48551029
positive,"Honey is 3 month old who has so much love to give her new family. She is spayed, and up-to-date...",48552557
positive,This is a courtesy post. The dog is not at the shelter. Please call the contact number at end of...,48555292
positive,"Hi, I am Koda! I am estimated at about four years old and a Chow-Red Heeler mix, which explains my...",48552804
negative,PLEASE COMPLETELY READ THE ENTIRE DESCRIPTION   We are a foster home based rescue organization. **Only approved adopters can meet our...,48550993
positive,Huey is 15 months old and 42 lbs. He is a German Shepherd/Black Mouth Curr mix.   He is friendly and...,48550643
positive,"This is our sweet mama dog, Annie. She is approximately 1 year old. She is very affectionate and submissive. She...",48555441
positive,"Willie is a two-year-old, 27-pound male beagle. He was recently surrendered to the shelter. Willie is a very sweet, friendly...",48551117
positive,"Herbert is a five year old little dream boat, he loves every person he meets. Herbert has done well with...",48553829
positive,Croissant is living in a foster home. Submit an application from our website and then make an appointment to meet...,48550356
negative,READ ALL INFORMATION BELOW.    Miss Suzie is just 13 months of age.  Her momma was a pure breed Treeing Walker....,48553192
positive,"Hi, my name is Poppy! I was born 5/25/2020 so I am about 8 weeks old. I am a small...",48551005
positive,You can fill out an adoption application online on our official website.&amp;#34;Sometimes the smallest things take up the most room...,48550751
positive,Popcorn is living in a foster home. Submit an application from our website and then make an appointment to meet...,48551510
positive,10 week old lab mix   PLEASE do not email us through the Petfinder inquiry but our direct email address. Emails...,48550897
negative,Good things come to those who wait....will you be my good thing?.....  My name is Clover!  I was brought back...,48555396
negative,Meet Lily! She is a beautiful 7 year old white German Shepherd. Lily gets along with kids. She does not...,48552845
positive,Born approx 4/20/20 and rescued along with 3 sisters  Please visit www.handsheartspaws.org for an adoption application  All of our dogs...,48551290
positive,Dak is an almost one year old Siberian Husky mix.  He is crate and house trained.  He is smart and...,48552795
negative,None,48551443
positive,You can fill out an adoption application online on our official website.,48549970
positive,Drizzie is available through our senior program. She is located with one of our amazing fosters.  DOB: est 2005  Size:...,48555115
positive,Senji - M - 10yrs 12lbs - brown (Pic of dog on pillow on sofa).  Sweet dogs and loves toys....,48549618
positive,Meet Frazier! He is around 10 weeks old and 10 pounds.  Interested in this sweet dog? Apply today at http://www.underdogpetrescue.org/dog-application...,48553215
positive,You can fill out an adoption application online on our official website. Sinjin is a very spunky older Yorkie. He...,48555284
negative,*Louise von Lemgo is a stunning 14-16 month old German Shepherd.  *Louise von Lemgo is new to Westside and we...,48554616
positive,"Age: 10 Years (as of 11/27/19) Weight: 54 lbs (as of 11/27/19)  Location: RI  This dog has been spayed/neutered, is...",48549927
positive,These 2 cuties were born on 5/29/20 and surrendered to animal control by their owners that owned their parents and...,48553429
positive,"Tucker is set to be neutered on July 24, he will be available shortly after. If you&amp;#39;re interested in adopting...",48551044
positive,"Meet Lily! Lily is a 5 year old, beautiful, Female Border Collie/likely Springer Spaniel mix. She is a small girl...",48550205
negative,****ADOPTIONS ARE BY APPOINTMENT ONLY WITH AN APPROVED ADOPTION APPLICATION****. homeatlasths.org PLEASE DO NOT CALL OR MESSAGE AND ASK HOW...,48555142
positive,None,48550710
positive,"Age: 4 months (as of 7/7/2020) Weight: 34.2 lbs (as of 6/7/2020)  Location: RI  This dog has been spayed/neutered, is...",48549926
positive,"HI there, I&#039;m Dante! I&#039;m a three year old Border Collie/Lab mix rescued from Georgia. I&#039;m very friendly, good with...",48552686
positive,Belle is a cuddle bug! She enjoys being with her people and is very much a velcro dog. She would...,48550711
negative,"Treats, treats, and even more treats. That is all Luna needs to be happy. Show her a leash and she...",48554752
positive,"Glory is a 1.5 year old female lab mix.  She has an excellent personality and a sweet disposition, and she...",48549863
positive,Sampson - M - 10yrs 12lbs black/white (pic of dog standing on stairs)  He is good with everyone. Loves people...,48549619
positive,"I am 54 lbs., 3 years old, and l am looking for my forever home.  Adoption Donation: $450  All dogs...",48555285
positive,Gueuze is a 5 month old puppy who will roughly double in size. He currently weighs 21 lbs.,48555401
positive,Please submit applications at www.sophiedogrescue.org - read entire description to see if this dog is for you!  Taffy is a...,48555051
negative,None,48551012
positive,WE ARE NO LONGER ACCEPTING APPLICATIONS FOR THIS POPULAR PUP.  Animal Profile: Laverne is an estimated 11 week-old Beagle mix...,48554210
positive,You can fill out an adoption application online on our official website.,48549971
positive,Mollie  is a sweet senior  Shih Tzu mix about 10++  Mollie is a little on the chunky side but we...,48551157
negative,None,48549567
negative,"Age: 6 Months (as of 7/4/2020) Weight: 25 lbs (as of 6/27/2020) Location: RI  This dog has been spayed/neutered, is...",48550746
positive,"Please send Anna a text at 407.952.1037 to schedule and appointment to meet this furbaby.   This puppy comes Spayed/Neutered, current...",48550896
positive,You can fill out an adoption application online on our official website.,48554586
positive,Meet Nellie!! She came in as a stray on 7/20/20. We think she is about 5 years old. She has...,48552844
negative,"Minnie Winnie is a sweet girl. She is a pit mix who is up to date on vaccinations, house broken...",48554569
positive,AVAILABLE FOR PICK UP 7/28/2020 **** APPROVED APPLICATION AND $100.00 DEPOSIT REQUIRED TO HOLD YOUR PUPPY UNTIL PICK UP DATE****...,48553193
positive,"Please send Anna a text at 407.952.1037 to schedule and appointment to meet this furbaby.   This puppy comes Spayed/Neutered, current...",48551004
positive,Violet is an 11 week old girl. She is very sweet and loves to be with people. She is working...,48555417
positive,Good With Dogs: Yes Good With Cats: unknown Good With Kids: Yes Kennel Trained: Yes Age: Approx.  1 year Adoption...,48552628
negative,"2.5-year-old Guppy puppy might be older and bigger than an actual puppy, but his bubbly personality and zest for life...",48554590
positive,"Hi I&#039;m a Trooper, I&#039;m a 10 month old Shepherd mix rescued from a high kill shelter in Georgia. I&#039;m...",48552690
positive,"Woodrow is a playful, happy boy who buddies up with his siblings and loves to chase them ! If you...",48555339
positive,"Mac is just wonderful. Sweet, affectionate and just a big mush. Mac is 2 years old and 50 lbs and...",48553500
positive,"Shiraz is a shy little girl, who was picked up off the navajo reservation with her brother and another dog....",48555084
positive,"Sunflower is a shepherd mix, approx. 6mo old and 20lb. She will be arriving in New England this week. This...",48553445
negative,You can fill out an adoption application online on our official website. Petite and Sweet baby girl Licorice needs some...,48551182
negative,"{s707code5268/} Please fill out our short application - the link is below. Jourdan was found in a small, rural farm/oil...",48549731
negative,Rosie is a sweetheart! She is so loving and loves hugs! She loves to run around and play outside! She...,48553296
positive,"Until further notice, to adhere to CDC&amp;#39;s recommended sanitation guidelines and to promote social distancing, meet &amp;amp; greets and adoptions...",48555207
positive,Snow white is a high energy puppy that loves to play hard! She would do best with another playful dog...,48550681
positive,Rooster and 6 siblings (born approx 5/26/20) were rescued from a high kill pound.  Sadly 3 of the littermates died...,48551090
positive,"Long as the day in the summer time, deep as the wine dark sea, I will keep your heart with...",48555196
negative,Gianna is a precious 8-week old Australian Cattle Dog mix. She&#039;s playful &amp; loves attention! She&#039;s full of fun puppy...,48552983
positive,"Meet Atlas- xa0a 7-month-old, 50 lb. bundle of Hound Puppy Love!  xa0Atlas is social, curious, smart, playful, independent, happy, and...",48549766
negative,"BD is a very sweet, mild-mannered girl who&#039;s ready to be your bestie! She was found as a stray, so...",48555315
negative,Lucky is a sweet Shepherd/Black Mouth Cur mix born approximately early 2018. She has a lot of fun energy for...,48550951
positive,"Axel is a sweet, friendly, inquisitive little guy. Most likely he will be 12-14 pounds full grown. Mom is a...",48554441
negative,None,48553111
positive,Hey there!  My name is Dandy and I am looking for my forever home!  I have been at the shelter...,48550678
negative,"JACK Jack is a sweet, spunky young guy looking for a family just as active as he is. He’s a...",48550551
positive,"Hachi is approx. 4mo old and a shepherd mix, around 15lb. He will be ready to travel to New England...",48552995
negative,Kingsley was found lying in the hot sun near the side of a road. He had scrapes and bruises and...,48554683
positive,PLEASE NOTE THAT THIS DOG IS AT MIRACLE DOG RESCUE.  CONTACT REYNA ONLY!  Phone:  323 383-8883 Email:  miracledogrescue@gmail.com  CHARLIE: Chihuahua...,48551194
positive,"You can fill out an adoption application online on our official website. This girl is looking for a loyal sidekick,...",48552612
positive,AVAILABLE FOR PICK UP 7/28/2020 **** APPROVED APPLICATION AND $100.00 DEPOSIT REQUIRED TO HOLD YOUR PUPPY UNTIL PICK UP DATE****...,48552868
positive,What’s better than one laid back sweet cuddle bug? How about TWO laid back sweet cuddle bugs??   Rusty and Stormy...,48549727
positive,"ANDERSON- 5-8 years old, 45 pounds, independent, typical hound in sniffing everything, friendly and affectionate, all over on the leash,...",48550156
positive,Willow is a sweet girl who loves to play and explore ! There is never a dull moment with her...,48554953
positive,4 Precious Paws Rescue holds pet adoptions every Saturday at the Carmel PetSmart Store from 12:00pm until 3:00pm. located at...,48554400
positive,"Kolbi is adorable!! Great size at 30-35 pounds, he appears to be a husky / lab &amp;#34;ish&amp;#34; mix. He is...",48549615
positive,***PLEASE READ THIS ENTIRE POST- We promise that it will answer all of your questions. If they are still posted...,48550434
positive,Case #16048. Kelsey is a 3 month old Shepherd Mix that was picked up as a stray at a store....,48550571
positive,Husky mix – White &amp; Tan Male 1 year 46 pounds  Rancho Coastal Humane Society remains temporarily closed to the...,48553832
negative,Donovan is now in our sanctuary program because he is a bitey old man and he is in our sanctuary...,48550176
negative,Animal Profile: Franklin is ~8 month old mixed breed medium sized puppy who currently weighs 15 pounds. Franklin is very...,48549584
positive,You can fill out an adoption application online on our official website.Meet Otter! This sweet boy will make the perfect...,48555118
positive,"Lexie (ID #A44295637) is a 1 year old husky mix, she has been spayed and is fully vaccinated.  She is...",48553259
negative,Clint is a shy boy who was brought to us as a stray. He is slowly warming up to his...,48554965
positive,"Meet Zeus the Deuce, aka &amp;#34;Zeuski&amp;#34; to his friends lol! Sweet affectionate husky, energetic and playful, loves other dogs, people,...",48549654
negative,"The adoption fee for dogs/puppies is $85.00, but we sometimes have specials and/or pets who have had their adoption fee...",48551008
positive,You can fill out an adoption application online on our official website.Meet Dash! This spunky low rider is the life...,48555270
negative,None,48550971
positive,Applications now being accepted!! Goldilocks is waiting for her just-right home and is a friendly but pushy wants her way...,48553824
negative,"Meet Briskett.  Through no fault of his own, this beautiful almost one year old boy NEEDS A FOREVER HOME.  You...",48554949
positive,Sky has been in a family and is very sweet. Must be rehomed due to unexpected loss of job and...,48555088
positive,"Hey world! I’m Grunt. I’m the cutest, wiggliest little guy, you ever did see! I’m only about 9 months old...",48549802
negative,None,48554699
positive,"If you have time to help a dog become a dog again, look no further! Banjo didn&amp;#39;t have the best...",48551161
positive,"Meet Honey, the 25 pound 8-month-old Labrador/bloodhound mix puppy! She is very affectionate. She loves belly rubs. She is very...",48554676
positive,"Hey there, I&#039;m Dinky a 10-12 week old Dachshund mix looking for his furever home.  I&#039;m a typical puppy that...",48553449
positive,Hi there! My name is Cyclone and I am a lab mix puppy looking for my forever home! I am...,48552576
positive,"Meet Laney! She is a sweet, beautiful husky/shepherd mix with a new lease on life, looking for a furever family...",48551073
positive,"Indy is an Australian shepherd mix who came to us from the Pulaski County shelter.  He&#039;s a spunky, friendly guy...",48554271
negative,Nemo is such a sweet boy! He is good with dogs and cats and is housetrained. He&amp;#39;s about 6 yrs...,48553664
negative,"***We appreciate your interest in adopting a pug in need. Please respect our process and our time, as we are...",48555163
positive,Wesley is a handsome and outgoing boy who would love to get his start in life in a fantastic home...,48554772
negative,None,48554322
negative,My name is Thunderbolt! I&amp;#39;m a 10 year old beagle and I&amp;#39;m currently weighing in at 26 pounds. I&amp;#39;m still...,48553408
positive,None,48555358
positive,*Savannah von Sandau is a beautiful 7-8 month old white German Shepherd.  *Savannah von Sandau  is new to Westside and...,48554549
positive,"Boxer mix – Black Female 10 months 27 1/4 pounds If interested in adopting Wave, a link to the adoption...",48553799
positive,"Hi everybody! My name is Amaretto, and I am a 4 month, ~40 lbs, male, Great Pyrenees mix. I am...",48553263
positive,"For more information on this dog or any of our adoptable pets, please call the shelter at 636-583-4300 or stop...",48553849
negative,PLEASE COMPLETELY READ THE ENTIRE DESCRIPTION   We are a foster home based rescue organization. **Only approved adopters can meet our...,48551198
positive,You can fill out an adoption application online on our official website.  Darcy loves to play play play! Med-Large breed...,48549720
positive,****ADOPTIONS ARE BY APPOINTMENT ONLY WITH AN APPROVED ADOPTION APPLICATION****. homeatlasths.org PLEASE DO NOT CALL OR MESSAGE AND ASK HOW...,48554811
negative,Buddy is a traditional Black &amp; Tan German Shepherd. He is ~4/5 yr old neutered male. Buddy came to rescue...,48553268
positive,Meet Albert! Albert was found roaming locally and was never claimed. He is estimated to be a shih tzu/lhasa apso...,48549665
positive,"Meet Mojo, he is an 11 year old basset hound,  He would do best in an adult only household. He...",48553842
positive,You can fill out an adoption application online on our official website.  Hi! My name is NicNic and I am...,48552615
positive,"Noah is available for adoption to Texas residents only.   Noah is a mixed breed boy who is around 42 pounds,...",48551193
negative,"All of our dogs are spayed or neutered, given a rabies vaccine (if old enough), distemper/parvo/bordetella vaccines, heartworm tested (if...",48550805
positive,Hi my name is Forrest. I am about 1 years old.  I love everyone and everything.  I am an energetic...,48555304
negative,You can fill out an adoption application online on our official website. Name: Aubry DOB: 05/19/2014 Weight: 65 lbs Adoption...,48550940
negative,"BONDED pair of Mastiff mixes, 4 yr old pair of sisters. Moonie, the larger girl, has not been spayed and...",48551202
negative,Koda is a dog that needs a home since his family is unable to take them where they are moving.Please...,48550690
positive,Sam is a 1 year old Terrier mix rescued from a high kill shelter in Georgia.,48554283
negative,"Rescue date 6/30/2020 Meet Miss MIMI, a precious little PUREBRED YORKIE. Most people would find it hard to believe that...",48551081
negative,"Reba is a 50lb, 8 year old female Rottweiler. She is dog friendly and walks well on-leash. Reba rides great...",48550385
positive,NOTE:  The mailbox petfinder sends the &quot;Ask About&quot; email inquiries to is not as closely monitored as the email address...,48549761
positive,"If you would like to meet me,  please go to AlexandriaAnimals.org/Adopt-By-Appointment to get more information and to schedule a time...",48552984
positive,Triton has the ability with training to be an excellent therapy dog for nursing home or school age kids. Triton...,48554016
positive,"Pippa is approx. 7mo old and a lab mix, around 40lb. She will be ready to travel to New England...",48553229
positive,You can fill out an adoption application online on our official website.Meet Shep - an adorable Shepherd Mix puppy. Shep...,48554446
positive,You can fill out an adoption application online on our official website.Pit Bull-type dog | 3-1/2 years old | 60...,48550956
negative,None,48553100
positive,",Due to COVID-19, all adoptions will be by appointment only. To adopt, complete our online adoption application and an Adoption...",48554780
negative,"Binky is a calm, yet cuddly pup who loves to be around others whether they are playing or simply enjoying...",48555200
negative,Born approx 5/26/20 to mom Donna.  Waiting on DNA results   Please visit www.handsheartspaws.org for an adoption application  All of our...,48553854
negative,Pit Bull mix – Tan &amp; White; Female; 2 years; 40 pounds Hi! My name is ABALONE. My caretakers at...,48553442
positive,Dobie is a new arrival to the shelter and with his sweet demeanor we know he won&amp;#39;t be here long!...,48554893
negative,Animal Profile: Suki is an estimated 2-year-old 7 lb female Chihuahua who arrived in Seattle on 7/5 from California. The...,48549608
positive,"Meet Taffy! Taffy is a 5 month old puppy, lab/hound mix with beautiful light eyes. Taffy is in a foster...",48554190
positive,AVAILABLE FOR PICK UP 7/28/2020 **** APPROVED APPLICATION AND $100.00 DEPOSIT REQUIRED TO HOLD YOUR PUPPY UNTIL PICK UP DATE****...,48552802
positive,Dazzle is a 12 year old spayed female Rat Terrier mix. She is bonded with Razzle &amp; you can adopt...,48550995
positive,Looking for my forever home. Do you have any room for me?,48550096
positive,"Dachshund mix – Red Brown Male 1 1/2 years 17 1/2 pounds If interested in adopting Lobster, a link to...",48553593
positive,Apply at         http://caninehumane.org/adoption-application/  Tom is a 2 year old fun/loving black lab mix. He loves to lay around with you...,48551054
positive,"MILO and his litter mates were born about May 23, 2020.   They are typical playful, curious pups, ready to learn...",48549937
positive,Courtesy Post  Daisy is almost 2 yrs old. Her family is going through a divorce and is unable to keep...,48553985
positive,** COVID-19 UPDATES ARE AVAILABLE ON OUR WEBSITE AT https://westvalleyhumanesociety.org/COVID/ **  All dogs adopted from West Valley Humane Society are...,48551111
negative,Pepper! This hound guy is friendly and snuggly! He gets along with other dogs and kids. He loves to go...,48551541
negative,"Meet our lucky lady, Blackjack!  This silly girl is your typical playful puppy-always chasing her foster friends around or hopping...",48554743
positive,You can fill out an adoption application online on our official website.Hi I am Cooper! I am a very happy...,48555386
positive,"Hi my name is, Axel! I am a little over two-years-old and I&amp;#39;m a German Shepherd mix. I was rescued...",48555410
positive,Fancy is a 2 year old chihuahua/yorkie mix  who came to Woodstock after her owner passed away. She is a...,48553194
positive,"Fergie in Maine!  ADOPTED!  Attention Bullmastiff fans!  7-year-old Fergie is a sweet and smart love bug. She is, currently on...",48549960
negative,"Lefty is a very affectionate, loyal, playful German Shepard mix who is 6 years old. Lefty had a tough start...",48554714
positive,"Buddy is a wonderful, 2.5 year old, about 65 lb boy, who is good in all situations. He loves people...",48551516
negative,None,48551146
positive,NOTES FROM THE FOSTER FAMILY:   ESTIMATED DOB: 7-02-2019  Upcoming Tails from the Heart Meet and Greet events. CANCELED For an...,48550757
negative,"Intake Type: (7/11) Owner Surrender   Medical Observation: (7/11) PE: NSF, BAR  Behavior Observation: (7/12) Volunteer Eval - Easy to leash/social....",48553878
positive,Everly is around a year and a half old. She was quite shy when she came to us and seems...,48549649
positive,"Jetta is approx. 6mo old and a spaniel/retriever mix, around 25lb. She will be ready to travel to New England...",48553182
positive,None,48555406
positive,RANSOM - what a hunk of love!  He is approximately 2 years old.  He is crate trained and potty trained...,48555056
negative,None,48555113
positive,Labrador / Beagle mix – Black Male 6 months 29 pounds Rancho Coastal Humane Society remains temporarily closed to the...,48553497
negative,Winston is a very distinguished looking young man who is ready to move out of living in a cage in...,48555282
positive,What an incredible cutie! We don&#039;t have to tell you that Max is a truly sweet dog -- you can...,48555328
positive,"88618 1-2 YRS AVAILABLE - 7/28 Services included with the $60 adoption fee: Spay or neuter, surgery related pain medications,...",48550203
negative,None,48550653
negative,None,48555451
negative,You can fill out an adoption application online on our official website.Annie was pregnant when she was dumped in a...,48551042
positive,"Handsome  SAWYER ACR17274 is a male, white American Bulldog mix; weighing in at about 70 lbs and 3-4 years old....",48551107
negative,"SKYE - 1-5 years old, 55 pounds, seems house trained, friendly, fun, silly, jumpy, playful, affectionate, not sure about other...",48550346
positive,Suzie’s current foster informed us that she is a very loving lap dog who gets along well with other small...,48551520
positive,You can fill out an adoption application online on our official website.  The adoption fee covers the cost of the...,48554722
positive,"Baby Birdie is a gorgeous little girl looking for her forever home, she will go home Weekend of August 8th",48554237
negative,"PLEASE VISIT OUR WEBSITE AT WWW.PITRESCUE.ORG FOR INFORMATION ON OUR ORGANIZATION, ADOPTION POLICIES AND PROCESS, EDUCATIONAL INFORMATION, AND A FULL...",48551035
positive,VIP: Duke is a playful dog who is about 18 months of age. He is house trained and crate trained...,48552926
positive,Meet Brownie! She is around 19 pounds and 14 weeks old. Very sweet but shy!  Interested in this sweet dog?...,48553264
negative,How I Got Here: - Columbus Animal Care &amp;amp; Control  Academics: - Sit  Recess: - Lounging indoors with my human...,48551259
negative,Meet Hotch! This 7 year old dreamboat is just about perfect according to his foster. His is a mellow dog...,48549844
positive,Hayley is a 4 to 6 month old female Lab mix.  She has super long legs but is going to...,48553819
positive,"Male unaltered stray found on Rt. 45 near Arden Nollville Rd.  He didn&#039;t have a collar or any tags, but...",48552567
negative,"Lulu is the best dog ever. You just can&#039;t go wrong with this wonderful, sweet, friendly, social, well mannered girl....",48554149
positive,"Bragg is only 2 years old.  Adoption fee is 125.00 which includes spay, vaccines, and microchip www.JARMission.org 843-726-7799",48553399
positive,Larry is a 12-14 week old male Lab mix in search of his furever home.  He is a very sweet...,48553663
positive,None,48552971
positive,This happy go lucky furball is looking for furever  Older kids preferred  Loves the meows  He’s with a different rescue...,48552588
negative,Age: 5 years Weight: 19lbs Good with dogs? Yes small/calmer dogs Good with cats? Unknown Good with kids? No small...,48554276
positive,"You can fill out an adoption application online on our official website.Meet Hope, she is a sweet girl! Hope has...",48553419
positive,My foster mom is getting to know me a bit now and will update my bio after she knows me...,48552571
positive,Gisella is a precious 8-week old Australian Cattle Dog mix. She&#039;s playful &amp; loves attention! She&#039;s full of fun puppy...,48552967
positive,You can fill out an adoption application online on our official website.Adoption fee is $300. Apply at www.straypawsrescue.com,48551536
positive,You can fill out an adoption application online on our official website. Introducing Dublin! Dublin is a female Husky mix...,48549690
positive,Please submit applications at www.sophiedogrescue.org - read entire description to see if this dog is for you.   Meet Rosco!  A...,48555349
positive,"You can fill out an adoption application online on our official website. We love rock and roll, put another dime...",48552930
positive,"Birthday: 3/18/2020 Pet ID: 125865  If you have any questions about our adoptable pets, we can be reached by phone...",48550219
negative,"Meet Sweets, an 11 year old Pit mix. She is a sweet and loving dog who is good with other...",48553966
positive,"Tinsley is a lovely Retriever mix of 4 to 5 months, and, although she weighs 20 to 25 pounds now,...",48549604
negative,None,48550864
negative,None,48553161
positive,Cassie could be that dream come true pup for a family or retirees who love spending their time with a...,48549995
positive,DOB: 2/27/20 Georgina is an easy going puppy who enjoys playing with her foster brothers but also is content taking...,48554427
positive,"You can fill out an adoption application online on our official website.Hello,I am a sweet dog who is looking for...",48554562
positive,Senior Hearts Rescue and Renewal is the only licensed senior dog rescue organization in Western Pennsylvania. We do not have...,48553589
positive,"Sue is available through our economy, express and ultimate adoption programs. She is located at our Decatur, Georgia location.  DOB:...",48553423
negative,"Cray is a medium/small 1 year old beautiful black Shepard x male. He is a quick learner, medium energy, and...",48555148
negative,"Acorn came to us when Animal Control had to keep saving him from running loose on paved roads, and his...",48550599
positive,Sampson - M - 10yrs 12lbs black/white (pic of dog standing on stairs)  He is good with everyone. Loves people...,48549612
positive,"Please send Anna a text at 407.952.1037 to schedule and appointment to meet this furbaby.   This puppy comes Spayed/Neutered, current...",48550960
positive,Fergus is a 1 1/2 year old boy looking for a committed forever home. He needs leash training as he...,48555324
positive,Senji - M - 10yrs 12lbs - brown (Pic of dog on pillow on sofa).  Sweet dogs and loves toys....,48549613
positive,Please submit applications at www.sophiedogrescue.org - read entire description to see if this dog is for you.   Meet Rooney!  A...,48555325
negative,"PEANUT BUTTER  MALE PLOTT HOUND MIX AGE 8 MONTHS WEIGHT 50 COLORS BROWN BRINDLE/WHITE COAT SHORT NEUTERED Chipped  Oh, my!...",48554867
positive,DOB 12/5/19  Mr.Moon is the best of both worlds. Playful and fun with a serious love for belly scratches and...,48549886
positive,Mabel is a 6 month old pointer lab mix pup looking for her forever home. She absolutely loves other dogs...,48555149
positive,"Darcy is a velcro baby..she is a only about 14-18 months old, heartworm neg, spayed, loves her doggie friends at...",48554426
negative,Nani’s foster mom wrote some info about her: My name is Nani and I am looking for my furever family!...,48549701
negative,Case #16039. Kiro is an 8 month old Pit Bull Terrier Mix that was surrendered to the shelter because they...,48549994
negative,Breed: Mixed Breed  Altered: Yes  Personality: I&amp;#39;m a sweet girl that loves to go for walks! I could benefit from...,48554575
positive,Dibble is approximately 1 year old and weighs 18 lbs.  He is heartworm positive but please don&#039;t let that worry...,48549717
negative,None,48554467
positive,This is Frisbee. He is 1 week old male lab/terrier mix. Right now he weighs about 10 pounds and will...,48549605
negative,My name is Goomba.  I was brought to the MCSPCA by Humane Society International after being rescued from a Korean...,48552675
negative,"ZENA - 2 years old, Pit Mix, Female, 50lbs, Medium Active, Older Kids Only, Must Have Primary Dog Ownership Experience...",48553822
positive,"Name: Porter Suspected Breed(s): German Shepherd Gender: Neutered / Male Age: 2-years-old Size: Large - 53LB  Observations with Dogs, Cats...",48549691
positive,"Bob is so sweet &amp; friendly! He is such a silly, happy boy! He loves to hang with his people,...",48552874
positive,"Litter of 8, born approx 2/27/20 and rescued from a high kill pound  Please visit www.handsheartspaws.org for an adoption application...",48554559
positive,ADOPTION INFO: Handsome Max is a Golden Doodle approx 11 months old and 65#. He’s still filling out! He is...,48554735
positive,"Hi my name is Blue! I’m 3 years old and 7 lbs! I was found in Richmond, Virginia tied to...",48553859
positive,"88624 2-5 YRS AVAILABLE  7/28 Services included with the $60 adoption fee: Spay or neuter, surgery related pain medications, Rabies,...",48551188
negative,Sampson is almost 11 years old. He may weigh 15 pounds. The best part is that he loves to be...,48554220
positive,AVAILABLE FOR PICK UP 7/28/2020 **** APPROVED APPLICATION AND $100.00 DEPOSIT REQUIRED TO HOLD YOUR PUPPY UNTIL PICK UP DATE****...,48552989
positive,Honey is an 8 month old Beagle mix pup who loves to play but is also a real snuggle bug....,48553224
positive,Say hello to Pike!  He is a one year old and 45 lbs. He is a Labrador Retriever/Australian Shepherd mix....,48550371
positive,Happy Happy Me!!! I got to go to the DQ yesterday which means I got to go on a car...,48551130
positive,make your appointment on Facebook Animal Adoption Center of Blount County,48549853
positive,Utah came from a very high kill shelter in Texas . He is a beautiful boy he is very sweet...,48549916
positive,"Wiley is an approx 2 year old Jindo, rescued from the dog meat trade in Korea.  He recently arrived Seattle....",48553418
negative,"Hello, my name is Sassy Ann. I am a 8 yr old female pitbull mix current on vaccinations -rabies, distemper/parvo,...",48555309
positive,"Deli is a 4-5 month old, approx. 25 lbs. tan on white, SharPei mix female.  She will be approx. 40-50...",48553232
positive,"Animal Profile: Abner, aka Zeus, arrives in Seattle on June 26th. He is estimated to be ~6 months. He appears...",48552589
positive,"Sweet handsome Tank, is a young smart cattle dog mix. He is ready to find a forever family, that is...",48553818
positive,"Baxter and Roscoe are border collie mixes who were born May 29, 2018.  They came to us from the Pulaski...",48553635
positive,Bambam is a 6 year old shihtzu/yorkie mix weighing in at an overweight 12 lbs.  . He is super sweet...,48553265
negative,None,48550760
negative,Photos: https://flickr.com/photos/138664788@N08/sets/72157713416339118  Dog Meets:  Armando and Sprinkles -- https://youtu.be/qusmMvOXGi8 Medical Observation:  Intake Type: (7/16) Owner Surrender  (3/6) Stray  Medical Observation:...,48554689
positive,Charlotte is a active little girl. She loves going on 30-60 minute walks. She was found as a stray along...,48549957
positive,Bentley Breed- Terrier mix DOB- 5/17/20 Utd on age appropriate vaccine  Dewormed  Microchipped  Dog/kid/cat friendly Adoption fee- $525 w/$100 back...,48554666
positive,We are currently closed due to COVID-19. Pets may be viewed by appointment only for applicants who are approved to...,48555427
negative,Casper is about 3 months and is a social butterfly who doesn&amp;#39;t shy away from attention. He is an energetic...,48555077
positive,"Birthday: 3/18/2020 Pet ID: 125851  If you have any questions about our adoptable pets, we can be reached by phone...",48550202
negative,None,48550652
positive,"Litter of 8, born approx 2/27/20 and rescued from a high kill pound  Please visit www.handsheartspaws.org for an adoption application...",48554611
negative,Sammy came to us after his mom could no longer care for her due to her own health issues. It...,48554754
negative,"ODIN - 5 years old, 60 pounds, house trained, good with older kids, cats &amp;amp; dogs, loves tennis balls, energetic,...",48550347
positive,Senior Hearts Rescue and Renewal is the only licensed senior dog rescue organization in Western Pennsylvania. We do not have...,48553642
positive,"Athena was adopted 7/25/2020. Her new home is in Little Rock, Arkansas.   Athena is a female black with tan Chihuahua....",48554884
positive,Patsy weighs 34.6 pounds.  The adoption fee for dogs is $40.00 and $30.00 for cats. A pre-adoption questionnaire and an...,48554216
negative,"Cooper is most often described by shelter staff as a &amp;#39;chunky boi,&amp;#39; but if you ask him, he&amp;#39;ll say he&amp;#39;s...",48551444
negative,"Meet Mak! He is about 3-months-old and 12-pounds (on 8/1). He&#039;s a very quiet, sweet boy.  Interested in this sweet...",48553496
positive,"If tall, dark, and handsome is your thing, I&amp;#39;m your dog! My name is Sandcastle (854883) and I am a...",48551501
positive,"To apply to adopt, please go to www.adoptgoodkarma.com/adopting/ and fill out the online application.  ONLY APPROVED APPLICATIONS WILL BE CONSIDERED...",48549648
positive,"Howdy! I&amp;#39;m Sierra, a 5 year old german shepherd mix. I am a very sweet girl who loves to hang...",48555411
negative,"Dark and handsome, isn’t he? He also has a sweet, affectionate side, with those he&#039;s come to trust. But the...",48551002
positive,*Skye von Singen is a beautiful 10-11 month old German Shepherd. *Skye von Singen is new to Westside and we...,48554596
positive,______ DOB/AGE: 03/27/2020 WEIGHT (GROWN): 40-50lbs   You will need to complete an application before a Meet &amp; Greet can be...,48549936
negative,Breed: Formosan Mountain Dog mix Age: 6 months Weight: 20 lbs. Good with dogs: yes Good with cats: unsure Good...,48553438
positive,Hey there!  My name is Elsa and I am looking for my forever home!  I have been at the shelter...,48550644
positive,HI I&amp;#39;m Chipper! I&amp;#39;m a 2 year old Rottie/Hound mix rescued from a high kill shelter in Georgia. I&amp;#39;m very...,48552696
positive,“Hi there! Yep I see you smiling. I do that to everyone. They see me and immediately smile and then...,48555153
negative,None,48551110
positive,Tiger came into the shelter as a stray and we have a hard time believing this little guy was out...,48554742
positive,"Maple is approx. 5mo old and a hound mix, around 30lb. She will be ready to travel to New England...",48553204
positive,Looking for my forever home. Do you have any room for me?,48550097
positive,Born approx 4/20/20 and rescued along with 3 siblings  Please visit www.handsheartspaws.org for an adoption application  All of our dogs...,48551184
positive,Applications now being accepted!! Scout s a beautiful friendly lab terrier mix boy who is estimated around 1-2 yeara old....,48554555
negative,"Hank is a great, friendly labrador.  His family surrendered him to a high kill shelter with his buddy, a Chihuahua....",48554943
positive,Please fill out an app on LuckyDayRescue.org (not Petfinder) thanks!  Simon is looking for his forever home!  He is an...,48554410
negative,Nitro has had a horrible puppyhood. He has made it to rescue and we are working on getting some weight...,48549625
positive,"This is Keelie, a 1 ½ year old, 60 pound Rottie mix.  Beautiful in her short tricolor coat, her long...",48554797
positive,Birthday: 10/21/2019 Expected &quot;go home&quot; date: I’ve had all my puppy shots and am ready to go home at next...,48553951
positive,"Gigi is a perfect mix of fun, zippy and sporty jack Russell with the chill, affectionate and cuddly side of...",48550557
positive,"Gates is a female, 7 year old beagle / dachshund mix that weighs 45 pounds.  She is very gentle and...",48554902
positive,None,48553394
positive,You can fill out an adoption application online on our official website.Hi! I&amp;#39;m Pat Benatar! I&amp;#39;m a female shepherd mix...,48552614
positive,Meet Calaway! He is around 3 months old and 12 pounds.   Interested in this sweet dog? Apply today at http://www.underdogpetrescue.org/dog-application...,48553455
negative,Spayed female bulldog mix about 2 yrs old and. 45 pounds. She is good on leash and is very selective...,48551192
positive,Billy is approximately 3 months old and currently weighs 30 lbs.,48549721
positive,Happy lives up to his name even though he must have had a hard life. He is about 12 years...,48555352
positive,Delilah came to us from a high kill shelter in Georgia.  Where had she been? How long had she been...,48550015
negative,None,48555146
positive,"Meet Sasha!  Hello, I&#039;m Sasha! I&#039;m 8 years old and 21 pounds. I was surrendered with my mom, Rita. I&#039;m...",48550714
negative,"ADDIE Addie is a stocky, solid red-brindle girl - she weighs in at nearly 80 lb! She is joyful, exuberant,...",48554757
negative,"Hi, my name is Layla and I’m a very shy, but sweet 1 year old Pit Mix. I hate being...",48553568
negative,"BIO TO COME SOON   All of our dogs are current on vaccinations which include Rabies and Distemper/Parvo, they are spayed...",48551105
positive,"Luma would best be described with three words: Sweet, playful, gentle!   Luma was dumped out of someones car on the...",48554612
positive,"Chimichanga loves attention and is the PERFECT lap dog! He gets along well with small, calm dogs and cats but...",48553587
negative,What can we say? Xena is an exceptional girl who didnt come from the best of backgrounds. Xena does very...,48550201
positive,Gotti is approximately 3 months old and currently weighs 13 lbs.,48555280
positive,Meet sweet Sunny !!! Sunny is a 6 year old female Havanese. She is a tad shy but warms up...,48554184
positive,"Oso is an approx. 2 year old Jindo, rescued from the dog meat trade in Korea.  He just recently arrived...",48553495
positive,You can fill out an adoption application online on our official website.,48555404
positive,Meet Biggie! This boy was found dumped a rural dumping ground in rural Alabama. He and his 3 siblings were...,48554215
positive,"Say hello Scout ~~He was originally in the shelter as a puppy, and returned months later due to landlord issues...",48552841
positive,Razzle is a 12 year old spayed female Rat Terrier mix. She is bonded with Dazzle &amp; you can adopt...,48550939
positive,Say hello to Soldier ~~He came to TCHS because his owner did not have enough time to care for him...,48552904
negative,DARLING is a 6-month-old heeler/cattle dog mix who was rescued from the county shelter when she was found as a...,48552768
negative,None,48551144
positive,"This is Keelie, a 1 ½ year old, 60 pound Rottie mix.  Beautiful in her short tricolor coat, her long...",48554653
positive,"Hi there, my name is Joker! I am a super cute male Staffordshire Bull Terrier mix who is about 1...",48555412
positive,"Hi there, my name is Rosé and I’m a 3.5 year old Pit Mix with the best smile. Yes, my...",48553600
positive,"My name is Zena. I&#039;m a 3 year old, spayed female husky mix. I came all the way from Oklahoma...",48551113
positive,"DOG BIOGRAPHY:  Say hello to baby Belle, a Chihuahua/terrier mix who is two years old and weighs five pounds. Miss...",48554741
positive,Hey there!  My name is Bette and I am looking for my forever home!  I have been at the shelter...,48550647
positive,**PUPPY PICTURE FROM ORIGINAL SHELTER STAY** Meet Milo! Milo originally came to TCHS due to there being too many animals...,48552800
positive,My name is Ebony. I&#039;m a super sweet 4 month old female lab mix. I am very shy and take...,48551538
positive,You can fill out an adoption application online on our official website.,48552744
positive,None,48550000
positive,Pup: Sweet Pea Gender: Female Age: 11 weeks Weight: 11lbs  Breed: Pit mix Fee: $400 Adoption Coordinator- Taylor K. -...,48554556
positive,Callie is at a rescue in Arkansas.  All inquiries must be directed to Gail&#039;s Pets Second Chance for a quick...,48553769
positive,"Meet Rocket!  Found as a stray, he is around 3 months old and 17 pounds (8/1).  Rocket is doing great...",48553417
positive,You can fill out an adoption application online on our official website.,48550954
positive,READ ALL INFORMATION BELOW.    Lulu is a new arrival that is now vetted and ready for a new home.  She...,48552986
negative,This is Poppy and she is just 12 weeks old and is going to be staying permanently in her foster...,48551129
negative,"Hi! My name is Lizzie, &amp; I&#039;m a 12-year old female tricolor beagle. My owner recently passed away, &amp; so...",48553544
negative,Dexter is at a rescue in Arkansas.  All inquiries must be directed to Gail&#039;s Pets Second Chance for a quick...,48553817
negative,"She loves to carry the ball around. Wants you to look at it, but you can&amp;#39;t have it. She may...",48555490
positive,Ginger is a sweet and adventurous little lady!   She loves to play and explore.  She is fearless!  If you are...,48553397
positive,"Relinquished by his owner who was homeless living in a motel, Kodiak is such a great dog, very friendly, and...",48551200
positive,4 Precious Paws Rescue holds pet adoptions every Saturday at the Carmel PetSmart Store from 12:00pm until 3:00pm. located at...,48554002
positive,This beautiful pup is Miles!! He is a sweet and fun loving boy Come meet him today!,48554844
positive,Jake is a 7 month old neutered male Australian Shepherd/Terrier mix who arrived as a stray.   Jake is the life...,48550807
positive,"Until further notice, to adhere to CDC&amp;#39;s recommended sanitation guidelines and to promote social distancing, meet &amp;amp; greets and adoptions...",48555078
positive,You can fill out an adoption application online on our official website. Hey everybody! I am Prince Cuddlebutt and I...,48552617
negative,You can fill out an adoption application online on our official website. Sweet Carly finds herself needing a foster or...,48554686
positive,None,48551257
positive,"Litter of 8, born approx 2/27/20 and rescued from a high kill pound   Please visit www.handsheartspaws.org for an adoption application...",48554405
positive,Meet Pepper! She is currently spending some time off-site in a foster home. They said she loves cuddling and being...,48552928
negative,You can fill out an adoption application online on our official website.Adoption fee is $300. Apply at www.straypawsrescue.com,48550153
positive,"I am 41 lbs., 1 year old, and l am looking for my forever home.  Adoption Donation: $400  All dogs...",48554864
positive,10 month old male $250,48551109
positive,Atlas is a one year old bulldog mix. He&#039;s super friendly and excited to be here and get his forever...,48550718
negative,"Hakeem is a beautiful, shy young male. He warms up quickly with a little patience and loves attention. He is...",48549885
negative,None,48553533
negative,"Welcome our newest member to the HAAR family, Cena. Not a wrestler but  a 3.5 year old beagle who is...",48553499
positive,*Ollie von Olsberg is a delightful 2-3 year old German Shepherd mix. *Ollie von Olsberg is new to Westside and...,48554433
negative,"Adoption fee is $125 which includes DHPL &amp; KC vaccinations, rabies vaccination, heartworm check, monthly heartworm prevention (until they leave),...",48554599
positive,Chase has already been neutered and is looking for his forever home! The adoption fee includes age appropriate vaccinations and...,48555388
positive,"Angel is a sweet, adorable puppy!  Her mom was found as a stray and is very sweet as well!  We...",48553525
positive,PLEASE do not email us through the Petfinder inquiry but our direct email address. Emails through Petfinder will more than...,48550759
positive,Looking for my forever home. Do you have any room for me?,48550098
positive,"Meet Cole, a 4 to 5 month old Retriever mix. He presently weighs between 18 and 20 pounds and will...",48549606
negative,None,48554937
positive,Hi my name is Theon. I am about 2 years old and weigh 56 pounds.  I am a very friendly...,48555275
negative,"Hi! My name is Abby, &amp; I&#039;m a 12-year old female tricolor beagle. My owner recently passed away, &amp; so...",48553572
positive,"Traeger #419 is a male Husky, he is 1 year old and weighs 40lbs. He came in with his best...",48553964
negative,"Meet Ben &amp; Jerry! These beautiful bonded boys will melt your heart!!  Ben, chocolate longhair and Jerry, black/silver dapple longhair,...",48552877
negative,"Pal&#039;s Place would love to introduce you to a very special dog looking for a very special, experienced, and patient...",48555062
positive,My name is Beethoven a 5 yr old Border Collie mix in search of his furever home.  I&#039;m told I...,48555432
negative,Freedom is a 4 year old Dutch Shepherd/Belgian Malinois mix who came to us from The City of Bakersfield Animal...,48553509
positive,Born approx 4/20/20 and rescued along with 3 sisters  Please visit www.handsheartspaws.org for an adoption application  All of our dogs...,48551164
positive,"What a cutie pie this fella is.... Say hello to Chance,he is 6 months old and was brought to us...",48553677
positive,"You can fill out an adoption application online on our official website.This delicious little fellow is Kumquat, an adorable 2...",48549780
positive,"Applications now being accepted!! Lucien is a playful, friendly people loving blue staffy mix who is estimated around 7 months...",48554274
positive,"Hi, my name is Penny! I was born 5/25/2020 so I am about 8 weeks old. I am a small...",48551076
positive,"OLIVER IN MAINE!   If you are looking for a fun-loving and charming senior gentleman to share your life with, this...",48550688
negative,Jasmine is a great girl that has some special medical and behavioral needs. We are hoping she will go to...,48549796
positive,Senior Hearts Rescue and Renewal is the only licensed senior dog rescue organization in Western Pennsylvania. We do not have...,48553661
positive,You can fill out an adoption application online on our official website.,48550558
positive,You can fill out an adoption application online on our official website.,48549779
positive,None,48550108
positive,*Ava von Ansbach is a gorgeous 2 year old German Shepherd. *Ava von Ansbach is new to Westside and we...,48554632
negative,Meet the most handsome Rossi. He is living it up in his foster and really loves everyone! He loves people...,48549846
negative,"When Baz came into the shelter two weeks ago, he was completely overwhelmed and scared, so he was prioritized to...",48550919
positive,"Labrador / Boxer mix – Black &amp; White Male 2 years 45 pounds If interested in adopting Plankton, a link...",48553636
positive,"Eva is an Aussie mix, approx. 5mo old and 30lb. She will be ready to travel to New England in...",48553266
positive,"Kennel #5 Intake Date 7/15/20 - from Lorain Available Date 7/21/20, if not claimed.   Breed info is a best guess,...",48550763
positive,"This adorable little guy is Grizzly    Grizzly weighs about 10 lbs., is 10-12 months old and is a terrier/chi mix....",48550333
positive,"Nala is a 3 year old, female, lab-boxer mix who was surrendered because she was bitten by another dog in...",48555425
positive,very calm walks well on leash,48551036
negative,Sadie is a middle-age gal with a lot of spunk! She loves toys and her walks. She is affectionate towards...,48551466
positive,"Red is a 95 lb Coon Hound mix and one beautiful, sweet boy. Red&#039;s story started out pretty scary. He...",48551489
positive,"Chiquita is 10 weeks old, 14 lbs, dewormed, has had age appropriate vaccinations.  ADOPTION PENDING indicates that an application has...",48551523
positive,Betty is a very sweet playfull girl. She is around 10-12 weeks old and we think she is a Border...,48554721
negative,-Buster -Male -10 years young  Buster is an easy going dog that loves people. He is a happy boy!  bcarl.net/adoption,48550762
positive,"Birthday: 3/18/2020 Pet ID: 125858  If you have any questions about our adoptable pets, we can be reached by phone...",48550332
positive,"Panda is a 2 year old, short haired, approx. 15 lb. Chihuahua, Beagle mix male.  He was surrendered by his...",48553267
negative,"You can fill out an adoption application online on our official website. Timid, likes other dogs is a real cuddle...",48552708
positive,Shepherd mix – Brown &amp; Black Male 1 year 56 pounds  Rancho Coastal Humane Society remains temporarily closed to the...,48553660
positive,"Sweet girl, born Nov 2019  Please visit www.handsheartspaws.org for an adoption application  All of our dogs are current on vaccinations,...",48554275
positive,"I am 60 lbs., 3 years old, and l am looking for my forever home.  Adoption Donation: $400  All dogs...",48554625
positive,Rainbow and 6 siblings (born approx 5/26/20) were rescued from a high kill pound.  Sadly 3 of the littermates died...,48551132
positive,Meet LouLou (spaniel/lab mix) and her 4-5 month old puppies Yoyo and Momo! We are unsure of dad but believe...,48549851
positive,Meet Mrs. Brown!  This cute little girl is an 8 year old Pomeranian and weighs 14lbs.  She was rescued from...,48550689
negative,"All of our dogs are spayed or neutered, given a rabies vaccine (if old enough), distemper/parvo/bordetella vaccines, heartworm tested (if...",48550959
negative,STAR is a foster-based rescue. All our rescue animals stay in foster homes until adoption. We do not have a...,48553226
positive,Available for adoption on Friday 7/25. The adoption fee for altered animals is $460.  Please note that we do have...,48552572
positive,"Please send Anna a text at 407.952.1037 to schedule and appointment to meet this furbaby.   This puppy comes Spayed/Neutered, current...",48551020
negative,"Sadie is a 2-year-old, small, female, German Shepherd, who is very loving and defends the people she is with. She...",48555063
positive,MY STORY: Sky came to CBHS has an owner surrender.  AGE: Approx. 4 months  TRICKS &amp; COMMANDS: Sit  ABOUT SKY:...,48555433
positive,"Meet Rico, an approximately 13-week old pit bull mix that is full of energy! He is about 19 pounds *right...",48550324
negative,None,48549555
positive,New to STAR,48552933
positive,You can fill out an adoption application online on our official website.Things I have learned about Woody Guthrie aka &amp;#34;Gus&amp;#34;:...,48552876
negative,None,48553573
positive,"Moose #418, is a male Black Lab. He is 1 year old and weighs 74lbs. This beautiful boy was surrendered...",48553965
positive,None,48550563
positive,Looking for my forever home. Do you have any room for me?,48550099
negative,ADOPTION PENDING  Animal Profile: Gracie is an adorable chihuahua/rat terrier mix who was rescued from a high kill shelter in...,48549607
positive,Meet Emma!   Emma made her way to us after she was found abandoned in a vacant house. It is believed...,48552948
negative,None,48551149
positive,"Meet Mai   Mai is 10m old. Approx 50 lbs.  Mai loves cats , loves kids,  loves people and other dogs...",48553898
negative,None,48550922
negative,We are calling this girl Kaitlin. She was found on Marshall on or around 7/17/2020. She is about a year...,48554961
positive,Hello my name is Nugget!  I am about 3 years old and weigh about 3 pounds. You can say I’m...,48553498
negative,None,48553162
positive,"Monkey is a lab mix who was born approximately Feb. 2020. She and her sister, Mabel, came to us from...",48554218
negative,"Bambi is such a fantastic dog! She loves to cuddle and play with toys.   If you have any questions, please...",48549580
positive,"Zinfandel is a playful young adult with lots of energy. She is seeking a home that can meet that need,...",48554561
positive,Name: Spicy Suspected Breed(s): Shepherd/Hound Mix Gender: Spayed / Female Age: 8 months old Size: Medium - 20 LB  Observations...,48549703
negative,None,48555370
positive,"Henry is a 2 yrs. old, 10 lbs. little guy who has the sweetest, gentlest disposition we’ve ever seen. He...",48552724
negative,Grace and her four puppies were rescued on 5/20 from a deadly situation where three of her puppies had already...,48550719
positive,"Birthday: 3/18/2020 Pet ID: 125844  If you have any questions about our adoptable pets, we can be reached by phone...",48550349
positive,Jenn is almost 4 years old.  She is a black and tan coonhound.  She enjoys cuddling up at night and...,48550963
positive,My owner turned me in because I didn&#039;t want to hunt. I have lived with other beagles and should adapt...,48555262
negative,None,48554920
negative,"Animal Profile: Charlie is a 12 year old 8 lb chihuahua mix who was rescued from Fresno, CA. He is...",48549611
positive,Walker is a 7 Month old male coonhound mix. He is currently being fostered with another dog and a cat....,48549666
positive,AVAILABLE FOR PICK UP 7/28/2020 **** APPROVED APPLICATION AND $100.00 DEPOSIT REQUIRED TO HOLD YOUR PUPPY UNTIL PICK UP DATE****...,48552883
positive,Hi there! My name is Kool aid man and it&#039;s nice to meet you! I am a very sweet and...,48554404
positive,"Amber came to us from Georgia with her tail tucked between her legs, absolutely terrified of everything. Fast forward to...",48552929
positive,"Case #15958A. Bass is a 3 1/2 month old Shepherd Mix that was at large with his mom and brother,...",48549959
positive,You can fill out an adoption application online on our official website.Hello! My name is Rey Rojo. That means &amp;#34;King...,48552616
positive,This dog is part of our shelter outreach program where we take dogs from overcrowded shelters in hopes of finding...,48555096
negative,Available for adoption on Friday 7/25. The adoption fee for altered animals is $460.  Please note that we do have...,48552587
negative,"***IF YOU ARE INTERESTED IN ADOPTING, PLEASE GO TO OUR WEBSITE AT WWW.APARN.ORG AND FILL OUT THE ADOPTION APPLICATION. THAT...",48555307
positive,** COVID-19 UPDATES ARE AVAILABLE ON OUR WEBSITE AT https://westvalleyhumanesociety.org/COVID/ **  All dogs adopted from West Valley Humane Society are...,48552568
negative,"Stark is a 9 month old Mixed Breed dog, weighing 52 pounds. He is healthy, heartworm negative, and has been...",48554795
positive,"Milo is a handsome, energetic, who is approximately 3 years old and loves everyone he meets (including other dogs and...",48553400
negative,Sweet little cuddle bug. Good with other calm dogs and cats,48554280
positive,My name is Jester. I&#039;m a 3 yr old neutered male retriever mix that came all the way from Oklahoma...,48551082
positive,You can fill out an adoption application online on our official website.FTA  The adoption fee covers the cost of the...,48550955
positive,None,48554853
positive,"Baby Cricket is a gorgeous baby girl looking for her forever home, she will go home weekend of August 8th",48554279
positive,Izzy von Iserlohn is the most endearing and handsome 6-7 year old German Shepherd with a possible Corgi in his...,48554412
positive,Ziggy is an active sweet boy!,48551240
positive,"Adoption Fee: $125All dogs are spayed/neutered, vaccinated, and microchipped.Apply: www.duboiscountyhumane.org/apply.htmlVisit Tuesday-Friday 12-6pm and Saturday 9-12pm EST at 426 Wernsing Road...",48554941
negative,"They currently have their first shots, wormings, flea preventative, heartworm preventative and are microchipped. Adoption fee is $188 ($175 Adoption...",48550144
positive,Boxer mix – Tan &amp; White Male 7 1/2 months 20 1/2 pounds  Rancho Coastal Humane Society remains temporarily closed...,48553768
negative,PLEASE COMPLETELY READ THE ENTIRE DESCRIPTION   We are a foster home based rescue organization. **Only approved adopters can meet our...,48550797
positive,MY STORY: Ivan came to CBHS from a partnering animal rescue organization.  AGE: Approx 7 years old  TRICKS &amp; COMMANDS:...,48551493
positive,Beagle / Basset Hound mix – White &amp; Brown Male 1 year 24 pounds  Rancho Coastal Humane Society remains temporarily...,48553504
positive,"You can fill out an adoption application online on our official website.  Ready-made-family right here!  Meet Sulu (cream, female) and...",48552745
positive,Looking for my forever home. Do you have any room for me?,48550095
positive,Adoption Fee:  $50 for dogs  Where to Meet the Pet: Ivins Animal Shelter and Adoption Center 474 North 200 West...,48550996
positive,None,48552944
positive,"Mabel is a lab mix who was born approximately Feb. 2020. She and her sister, Monkey, came to us from...",48554039
positive,****ADOPTIONS ARE BY APPOINTMENT ONLY WITH AN APPROVED ADOPTION APPLICATION****. homeatlasths.org PLEASE DO NOT CALL OR MESSAGE AND ASK HOW...,48554890
positive,"Hello everybody, my name is Dexter and I am 9 years old, but I have a birthday right around the...",48551112
positive,"If this dog is still listed, this dog is still available, for information about our adoption process, please go here,...",48554740
negative,None,48555151
positive,"Zeke is a 10 year old male Brittany Spaniel. Don&#039;t let his age fool you though, he has a lot...",48550646
negative,I am a 2 month old female Boxer mix.   ********PLEASE READ BELOW PRIOR TO EMAILING IN**********  If you are interested...,48550187
positive,"You can fill out an adoption application online on our official website.Howdy y&amp;#39;all,  The name&amp;#39;s Gracie. I came all the...",48555385
positive,Frazier is one of nine dogs we took in from an elderly owner unable to care for them any longer....,48550754
negative,"You can fill out an adoption application online on our official website. Our website has information about our rescue, adoption...",48553197
negative,None,48550241
positive,"Check out this handsome fella, meet Silas!  **Being fostered in Oklahoma City, OK***  Good Day everyone, my name is Silas...",48550611
positive,"Hello, my name is Emmy Lou. I was dumped out on a back road in Damon TX. I&amp;#39;m about 9...",48555413
positive,"Thank you for your interest in one of our Hero Babies!  Before inquiring, we thought it was important to share...",48550892
negative,Tate is a 10 month old Husky/Pit Bull Mix. He’s fuzzy like a teddy bear and has ears for days....,48553494
positive,"88635 1-2 YRS AVAILABLE 7/25 Services included with the $60 adoption fee: Spay or neuter, surgery related pain medications, Rabies,...",48555055
positive,"Hi everyone, my name is Davey. I&amp;#39;m a neutered, male, long-haired chihuahua, about 10lbs and approximately 4 years old. I...",48555281
positive,River LOVES people! She is all about getting attention and playing. She loves going for walks but more than anything...,48553640
positive,"If your looking to add the perfect mixture of sweetness and spunk to your life, Twizzler&#039;s your guy! Twizzler is...",48555147
positive,For more information and adoption applications (which must be completed to arrange a meeting) visit Rescued Treasures website at http://rescued-treasures.com/dog-application/....,48552682
negative,"LEXI - 5-8 years old, 53 pounds, seems house trained, not sure about other dogs or cats, older children  5-8...",48550345
negative,Meet Dave!   This darling senior guy is just about as perfect as they get! Dave is an easy going 10+...,48553093
negative,"Nice to meet you, I&amp;#39;m Tiana! I&amp;#39;m super playful, energetic, and loving! My favorite activities include running around, meeting people,...",48549888
negative,"Greetings, my name is Kyle and I am a handsome 7 1/2 yrs old Carolina Dog. to  Trumy breed...",48554243
positive,This little cutie is Diva    Diva is a little 10 lb. chi/terrier mix who is 10-12 months old (so still...,48550122
positive,NOTE:  The mailbox petfinder sends the &quot;Ask About&quot; email inquiries to is not as closely monitored as the email address...,48549753
positive,"Kolbi is adorable!! Great size at 30-35 pounds, he appears to be a husky / lab &amp;#34;ish&amp;#34; mix. He is...",48549616
negative,Primary Color: Brown Weight: 35.4lbs Age: 7yrs 1mths 1wks Animal has been Neutered,48554927
negative,Janette is a precious beagle. She has beautiful black and brown spots on a mostly white coat. Her most adorable...,48550437
positive,None,48552666
positive,*Luna von Lorch is a stunning 12-14 month old long haired German Shepherd. *Luna von Lorch is new to Westside...,48554566
positive,Meet ROSIE!  She was an owner surrender at a high kill pound in the Treasure Valley. The adult owner lost...,48555398
positive,"This adorable little guy is George, a 4 1/2 month old Labrador/Pointer mix! He currently weighs 25lbs. and we believe...",48550319
negative,"Sam, siberian husky, male, 59 lb, 6-7 yo, neutered, all shots  Sam is a gorgeous husky with piercing blue eyes...",48553866
negative,All people inquiring about pets listed as Courtesy Listings on the EAPL website and/or EAPL posting adoption boards should contact...,48549587
negative,Good with/Lived with: Dogs: No Cats: Yes Kids: Yes  Activity Level: Very High  Weight: 45-50 lbs.  Housebroken: Unable to guarantee...,48553470
positive,Hello world! I&#039;m Layla! I am BONDED with my sweet friend Jade. We are two blue eyed beauties who loves...,48554570
positive,"Mia is a beautiful 2 year old, 50 pound husky mix... Very sweet and super active! Loves the car, dog...",48549657
positive,"______ DOB/AGE: 09/02/2019 WEIGHT (GROWN): 60-65 lbs   I am currently in foster care, but very much adoptable.  You will need...",48549987
negative,This handsome guy is Reece! He is a 9 month old brindle pit who was owner released to the shelter...,48553523
negative,None,48549591
negative,"Hopper is a sweet boy! He is very scared at first, and will need a patient owner. He was so...",48550972
positive,** COVID-19 UPDATES ARE AVAILABLE ON OUR WEBSITE AT https://westvalleyhumanesociety.org/COVID/ **  All dogs adopted from West Valley Humane Society are...,48551119
negative,None,48552670
positive,New to STAR,48552934
positive,"Moscato is very sweet floofy boy, around 10 weeks old, with GIANT paws. He was picked up with his sister...",48555064
positive,"I am 27 lbs., 2 years old, and l am looking for my forever home.  Adoption Donation: $450  All dogs...",48555434
negative,8 month old male $250,48551027
positive,None,48553221
positive,None,48551070
negative,"Lulu is the best dog ever. You just can&#039;t go wrong with this wonderful, sweet, friendly, social, well mannered girl....",48553558
positive,PLEASE do not email us through the Petfinder inquiry but our direct email address. Emails through Petfinder will more than...,48550948
negative,"Hi. My name is Coco.  Nobody understands why I was at a shelter because I&#039;m awfully sweet, smart, pretty and...",48554634
positive,very calm and laid back likes other dogs but does not &#039;play rough,48551066
positive,You can fill out an adoption application online on our official website.  Tonka is a gentle giant. We believe this...,48551089
negative,"BIO TO COME SOON   All of our dogs are current on vaccinations which include Rabies and Distemper/Parvo, they are spayed...",48551123
negative,None,48554321
positive,We are calling this girl Kara. She was found on Marshall on or around 7/17/2020. She is about a year...,48555160
positive,Meet Pacey!! She came in as a stray on 7/20/20. We think she is about a year old. She is...,48552922
negative,Charlie&amp;#39;s home burnt down and he was left there alone for two weeks. His Kentucky rescue angels found him and...,48551031
positive,"Asha is such a sweet girl. Friendly, smart, social, and affectionate, this beautiful 3 year old girl is about 60...",48550335
positive,"You can fill out an adoption application online on our official website.  Check out these two beautiful, smart and sassy...",48551524
positive,You can fill out an adoption application online on our official website.,48549860
positive,Norah is a lovebug!  She is an one year old baby girl that loves people!  She loves to ride on...,48554301
positive,Adorable 5 month old Plotthound mix puppy rescued from a high kill shelter in Georgia.,48552685
positive,"Hi, My name is Taffy and I am a 3 month old Walker hound mix. My mom was about medium...",48550207
positive,Labs are known to be great family dogs. Their temperament makes them perfect to be around other pets and children....,48553217
positive,"This adorable, spunky little dude is Fox!  Fox is a 7-year-old Corgi mix who was surrendered to our shelter after...",48553647
positive,"Donna is only about 1 1/2 yrs old.  Adoption fee is 125.00 which includes spay, vaccines, and microchip www.JARMission.org 843-726-7799",48553493
positive,"Relinquished to the shelter due to his owners poor health, Tubby was with his owner all of his life, so...",48551504
negative,None,48551011
positive,Adoption Fee: $450  Transport Fee: $160  Shep is around 2 years old. He was found and taken to the vet...,48555052
positive,Apply at: http://caninehumane.org/adoption-application/  Meet Riddler!  He is a sweet hound mix about 8-9 lb and 9 wks so. He is...,48550179
positive,"Emori is a five-year-old, 59-pound English Pointer mix.  She was turned in at the county shelter as a stray and...",48555394
positive,Jack Russell Terrier / Chihuahua mix – Tri Color Male 1 1/2 years 10 ½ pounds If interested in adopting...,48553485
positive,Kenny is one of nine dogs we took in from an elderly owner unable to care for them any longer....,48550753
positive,"Sammi is approx. 4mo old and a pointer mix, around 35lb. She will be ready to travel to New England...",48553190
negative,"Sampson DOB: April 13, 2020 Adoption fee: $225.00 Sampson is a male Heeler/Catahoula mix.  I am a playful little boy...",48554439
positive,Taryn is a 5 year old Boxer mix rescued from a high kill shelter in Georgia.,48552693
negative,Text 714-882-9865,48555156
positive,None,48555290
positive,You can fill out an adoption application online on our official website.Sweet Holly is a 10 year old 11 lb....,48549749
positive,Carmen weighs 58 pounds.  The adoption fee for dogs is $40.00 and $30.00 for cats. A pre-adoption questionnaire and an...,48554229
positive,You can fill out an adoption application online on our official website.,48554679
positive,None,48551181
negative,"Shelter arrival date: July 20th, 2020  Hi! My name is Hunter and I came to the shelter with my brother...",48555068
positive,"Benny is a sweet, adorable puppy!  His mom was found as a stray and is very sweet as well!  We...",48553503
negative,"PEANUT BUTTER  MALE PLOTT HOUND MIX AGE 8 MONTHS WEIGHT 50 COLORS BROWN BRINDLE/WHITE COAT SHORT NEUTERED Chipped  Oh, my!...",48554946
positive,"Baby Julio is a gorgeous mixed baby boy looking for his forever home,  He is amazing with kids and dogs,...",48554415
positive,"***We appreciate your interest in adopting a pug in need. Please respect our process and our time, as we are...",48555195
positive,This handsome boy is Bubba! He is a 2 year old male Hound mix. He weighs 40 pounds. A nice...,48550378
negative,FILL OUT AN APPLICATION @ WWW.SAVEAMOMRESCUE.COM. ALL APP&#039;S ARE PROCESSED AND APPOINTMENTS SCHEDULED TO MEET THE DOGS IN THE ORDER...,48550682
negative,"Are you looking for a constant companion? Buddy would LOVE to be the star in your show, and will happily...",48550728
negative,None,48551210
positive,You can fill out an adoption application online on our official website.Meet Sahara! When this girl was first rescued in...,48554911
positive,NOTE:  The mailbox petfinder sends the &quot;Ask About&quot; email inquiries to is not as closely monitored as the email address...,48549765
positive,** COVID-19 UPDATES ARE AVAILABLE ON OUR WEBSITE AT https://westvalleyhumanesociety.org/COVID/ **  All dogs adopted from West Valley Humane Society are...,48552579
positive,"Are you looking for a fun, spunky, cute and cuddly little girl? Then look no further!!! My name is Arbella,...",48553407
positive,4 Precious Paws Rescue holds pet adoptions every Saturday at the Carmel PetSmart Store from 12:00pm until 3:00pm. located at...,48553811
positive,You can fill out an adoption application online on our official website.Blink is super sweet and mellow. She will probably...,48553542
positive,"Please send Anna a text at 407.952.1037 to schedule and appointment to meet this furbaby.   This puppy comes Spayed/Neutered, current...",48550944
positive,Addison is a sweet 1-yr old Australian Cattle Dog mix. She&#039;s medium energy &amp; loves affection! She does exhibit some...,48552996
positive,You can fill out an adoption application online on our official website.,48552611
positive,READ ALL INFORMATION BELOW.    Very sweet.  Kujo came from a neglect case locally.  He is approximately 5 years of age...,48553450
negative,"Sassy DOB: April 13, 2020 Adoption fee: $225.00 Sassy is a female Heeler/Catahoula mix.  I am a little shy. I...",48554403
positive,My owner turned me in because I didn&#039;t want to hunt. I have lived with other beagles and should adapt...,48555212
positive,None,48555357
positive,"HERCULES - 1-5 years old, 50 pounds, house trained, crate trained, good with kids and dogs.  Seeing the inside of...",48550155
positive,Applications now being accepted!! Devito is a friendly basset terrier mix who is estimated around one year old. He’s around...,48554402
positive,"Hi! Would you like to play? My name&amp;#39;s Rylie. I&amp;#39;m a 7-lb, 13-week-old blue heeler/shepherd mix and I love to...",48555213
positive,"Until further notice, to adhere to CDC&amp;#39;s recommended sanitation guidelines and to promote social distancing, meet &amp;amp; greets and adoptions...",48555356
positive,You can fill out an adoption application online on our official website..,48550154
negative,"Trixie is an adult mix type dog, with our best guess of age around 5 years old and best guess...",48553282
positive,"Sweet  BECKY ACR17276 is a female, tan and white American Bulldog Boxer mix; weighing in at about 50 lbs and...",48551196
negative,"I am a super beautiful man that loves the ladies! While I am friendly with men, I will claim my...",48549549
positive,"Mac is just wonderful. Sweet, affectionate and just a big mush. Mac is 2 years old and 50 lbs and...",48554005
positive,***Due to Covid-19 we are ONLY scheduling meetings AFTER we have received your Adoption Application.  Applications are found at therescuevets.com.***...,48550380
positive,"Pillsbury is an eleven-year-old, 27-pound, male, Miniature Pinscher. He was recently brought in as a stray. Pillsbury is a gentle,...",48551084
negative,Meet Horatio! He is a handsome guy who currently weighs about 55 pounds but may gain another pound or two....,48554855
negative,None,48554156
negative,Brandy is such a good girl! She is only 40 pounds and greets everyone with a smile and a wag....,48554785
positive,"Meet Rita!  Hello, I&#039;m Rita! I&#039;m 10 years old and 15 pounds. I was surrendered with my daughter, Sasha, and...",48550683
positive,Meet Berry! Are you looking for a running partner or someone to enjoy the outdoors with? Or a pup that...,48550729
positive,"Eggroll was part of a playgroup with other dogs on 7/21/20. Eggroll was friendly, social, and chill.",48554101
positive,"My name is Frankie. Let us be clear. I am a female. Somehow I got Frankie as a name, but...",48549733
positive,None,48554678
negative,"Shelter arrival date: July 20th, 2020  My name is Carter! I am friendly and I like to go for walks....",48555069
positive,"Meet good dog Sarge, who has spent 7 years protecting the free world from the vacuum cleaner menace, and deserves...",48550791
positive,"You can fill out an adoption application online on our official website. Hi, I&amp;#39;m Shinx! I&amp;#39;m a puppy! I&amp;#39;m a...",48552743
negative,Sweet little Travis was found as a stray and is now searching for an everlasting home.  He wants what every...,48553502
positive,"&quot;Hiya! Thanks for visiting me online! My name is Max, and I am around 9 months old and about 30...",48552554
positive,"You can fill out an adoption application online on our official website.  Cute puppy alert! Say hello to JABBA, a...",48549748
positive,"Hello, I&#039;m Brownie! I&#039;m a 7 year old, male, Retriever/Spaniel mix rescued from a high kill shelter in Georgia. I&#039;m...",48552692
positive,"You can fill out an adoption application online on our official website.BONDED PAIR! Must be adopted together. Super sweet, easy...",48551051
negative,None,48549898
negative,"Shelter arrival date: June 4th, 2020   My name is Jasmine and I am a good girl! I am spayed, up-to-date...",48549932
positive,This male Chihuahua was picked up on 07-21-20 in the 2700 Block of Thunderbird. He will be held until 07-25-20...,48554592
negative,-Dutchess -Female -6 years old  Dutchess can be nervous at first but warms up quickly. She is perfect for someone...,48550928
positive,"I am 4 months old, and l am looking for my forever home.  Adoption Donation: $500  All dogs are microchipped,...",48554438
negative,None,48551143
positive,You can fill out an adoption application online on our official website.Playful Nala is a 2 year old 35 lb...,48550752
positive,Forest is a sweet dog who is very friendly too. He has a good nature about him and is about...,48552903
positive,"Hi, my name is Piper! I was born 5/25/2020 so I am about 8 weeks old. I am a small...",48550894
negative,"Piccolo is a 1 year-old Shepard x male.  He is curious, people oriented, and good with other dogs. Piccolo walks...",48555116
positive,"Very friendly, lovable",48551505
positive,Meet Maple ?? she is a 5 month old Labrador Retriever/Beagle mixweighing in at 27 lbs. She is sweet and...,48550601
positive,You can fill out an adoption application online on our official website.Otis is a precious one year old terrier mix....,48555403
positive,"Please send Anna a text at 407.952.1037 to schedule and appointment to meet this furbaby.   This puppy comes Spayed/Neutered, current...",48550986
positive,"88619 2-5 YRS AVAILABLE  - 7/28 Services included with the $60 adoption fee: Spay or neuter, surgery related pain medications,...",48550206
positive,Opal (GS Opal) is a 3 year old female retired racing greyhound from Alabama. Opal is looking for a retired...,48550764
positive,***Due to Covid-19 we are ONLY scheduling meetings AFTER we have received your Adoption Application.  Applications are found at therescuevets.com.***...,48550334
positive,Jack is a pup of many talents - one of them being a crate escape artist extraordinaire! This handsome boy...,48553518
positive,You can fill out an adoption application online on our official website.,48551525
negative,Roxy is a sweet 9 month old blue heeler mix. She can be shy in new places but is quick...,48550676
positive,PLEASE COMPLETELY READ THE ENTIRE DESCRIPTION   We are a foster home based rescue organization.   **Only approved adopters can meet our...,48551067
positive,You can fill out an adoption application online on our official website.,48551088
negative,None,48554320
negative,Barack is living in a foster home. Submit an application from our website and then make an appointment to meet...,48549791
positive,"Juno is more than just a beautiful face, she also has a fun personality! Juno gets along well with everyone...",48555198
positive,"The adoption fee for dogs is $50. Puppy adoption fee is $90 All our dogs and puppies are spayed/neutered, microchipped...",48555527
positive,"Taking home a new dog can sometimes be a challenge, but it really doesn’t get much easier than Jane. She...",48555177
positive,AMBER IS SPECIAL NEEDS. PLEASE READ.  THEN RE-READ BEFORE YOU APPLY.  Amber was turned in with her two sisters to...,48550549
positive,"You can fill out an adoption application online on our official website.  Bernie is a 1.5 year old, 15 pound,...",48554224
negative,None,48551163
negative,Breed:  Terrier mix Age:  9 yrs. Weight:  16 lbs. Good with dogs:  yes Good with cats:  unsure Good with kids:...,48551499
positive,"Meet Midnight, born on April 1 of this year, his year started out a bit rough.  Midnight broke with parvo,...",48553277
positive,Lily is a young spayed female under a year old. She loves to play and go for daily walks. She...,48555209
positive,"This jovial, silly, 55# lab mix boy is Seymour.  Seymour has been in his Kentucky foster care for a few...",48549695
positive,You can fill out an adoption application online on our official website.VRS 8/3/20 pr  Age:  Weight:  Dog friendly:  Cat friendly:...,48553575
negative,"BIO TO COME SOON   All of our dogs are current on vaccinations which include Rabies and Distemper/Parvo, they are spayed...",48551118
positive,"pet id 45062203         Because of the COVID19 situation, the shelter is closed to the general public. If you would like...",48553826
positive,Lucy is a wonderful happy girl. Very playful. Does well with her dog friends in puppy daycare. Would recommend a...,48550709
positive,20-d07-018 Sable Breed: Pit Bull Terrier Mix  Size: Large Age at Intake:  2 Years Gender: Female Weight:  60 lb. 2...,48553963
positive,"Joanne is a sweet, adorable puppy!  Her mom was found as a stray and is very sweet as well!  We...",48553488
negative,I know the sit command. I am friendly and take treats genly. I like to play with the toys. I...,48553037
positive,Dexie wants to please but is just learning how. She is a very timid girl especially when approached quicker than...,48554121
negative,"Young, fun, and full of energy, this perky pal is precious and playful at only 3 years old. Toffee is...",48554988
positive,"Meet Zeus the Deuce, aka &amp;#34;Zeuski&amp;#34; to his friends lol! Sweet affectionate husky, energetic and playful, loves other dogs, people,...",48549656
positive,"Please send Anna a text at 407.952.1037 to schedule and appointment to meet this furbaby.   This puppy comes Spayed/Neutered, current...",48550924
negative,Very timid but also very sweet. He is not a fan of leashes and needs to be carried sometimes. He...,48553534
positive,You can fill out an adoption application online on our official website.I am a sweet dog who is looking for...,48551509
positive,"Sandy is set to be spayed on July 24, she will be available shortly after. If you&amp;#39;re interested in adopting...",48551159
negative,"Veda is a sweet girl who won the hearts of our staff the moment she arrived. Unfortunately, her owner encountered...",48549569
negative,All people inquiring about pets listed as Courtesy Listings on the EAPL website and/or EAPL posting adoption boards should contact...,48549586
negative,None,48551270
negative,"Litter of 8, born approx 2/27/20 and rescued from a high kill pound  Please visit www.handsheartspaws.org for an adoption application...",48554588
positive,PLEASE do not email us through the Petfinder inquiry but our direct email address. Emails through Petfinder will more than...,48550932
positive,Hattie is a 4 year old Terrier mix rescued from a high kill shelter in Georgia.,48552688
positive,Case #15958B. Perch is a 3 1/2 month old Shepherd Mix that was at large with his mom. Perch and...,48549882
positive,"Dina is only about 1 1/2 yrs old.   Adoption fee is 125.00 which includes spay, vaccines, and microchip www.JARMission.org 843-726-7799",48553426
negative,Meet Virgil! Virgil is a happy happy dog! He is friendly with people and has a generally happy disposition. He...,48554160
positive,"Meet Omar, Omar will be a small/medium sized dog. He is a total mix of breeds: Terrier, Chi, Pug...but he...",48555321
positive,"DORA  Female SHEP MIX BRINDLE 13 2DHPP KC 2/15/2020 NO PUPPY  Hi Cathleen, She is doing great and really starting...",48549617
positive,Meet Nova!  Now that she is done raising her pups she is looking for a home of her own where...,48550965
